domain,name,location,logo_url
castleford.shield-locksmiths.co.uk,Shield Locksmiths Castleford,Castleford,Shield_Locksmiths_Castleford.png
consett.shield-locksmiths.co.uk,Shield Locksmiths Consett,Consett,Shield_Locksmiths_Consett_Logo.png
hucknall.shield-locksmiths.co.uk,Shield Locksmiths Hucknall,Hucknall,Shield_Locksmiths_Hucknall_Logo.png
lancing.shield-locksmiths.co.uk,Shield Locksmiths Lancing,Lancing,Shield_Locksmiths_Lancing_Logo.png
normanton.shield-locksmiths.co.uk,Shield Locksmiths Normanton,Normanton,Shield_Locksmiths_Normanton_Logo.png
wilmslow.shield-locksmiths.co.uk,Shield Locksmiths Wilmslow,Wilmslow,Shield_Locksmiths_Wilmslow_Logo.png
boston.shieldx-locksmiths.co.uk,Shieldx Locksmiths Boston,Boston,Shieldx_Locksmiths_Boston.png
huntingdon.shieldx-locksmiths.co.uk,Shieldx Locksmiths Huntingdon,Huntingdon,Shieldx_Locksmiths_Huntingdon_Logo.png
locksheath.shieldx-locksmiths.co.uk,Shieldx Locksmiths Locksheath,Locks Heath,Shieldx_Locksmiths_Locksheath_Logo.png
newark-on-trent.shieldx-locksmiths.co.uk,Shieldx Locksmiths Newark-on-Trent,Newark-on-Trent,Shieldx_Locksmiths_Newark-on-Trent_Logo.png
sompting.shieldx-locksmiths.co.uk,Shieldx Locksmiths Sompting,Sompting,Shieldx_Locksmiths_Sompting_Logo.png
westhoughton.shieldx-locksmiths.co.uk,Shieldx Locksmiths Westhoughton,Westhoughton,Shieldx_Locksmiths_Westhoughton_Logo.png
arnold.steelok-locksmiths.co.uk,Steelok Locksmiths Arnold,Arnold,Steelok_Locksmiths_Arnold.png
burntwood.steelok-locksmiths.co.uk,Steelok Locksmiths Burntwood,Burntwood,Steelok_Locksmiths_Burntwood_Logo.png
greatmalvern.steelok-locksmiths.co.uk,Steelok Locksmiths Great Malvern,Great Malvern,Steelok_Locksmiths_Great_Malvern_Logo.png
horwich.steelok-locksmiths.co.uk,Steelok Locksmiths Horwich,Horwich,Steelok_Locksmiths_Horwich_Logo.png
caterham.surelok-locksmiths.co.uk,Surelok Locksmiths Caterham,Caterham,Surelok_Locksmiths_Caterham_Logo.png
eastgrinstead.surelok-locksmiths.co.uk,Surelok Locksmiths East Grinstead,East Grinstead,Surelok_Locksmiths_East_Grinstead_Logo.png
kingslynn.surelok-locksmiths.co.uk,Surelok Locksmiths Kings Lynn,King's Lynn,Surelok_Locksmiths_Kings_Lynn.png
radcliffe.surelok-locksmiths.co.uk,Surelok Locksmiths Radcliffe,Radcliffe,Surelok_Locksmiths_Radcliffe_Logo.png
thundersley.surelok-locksmiths.co.uk,Surelok Locksmiths Thundersley,Thundersley,Surelok_Locksmiths_Thundersley_Logo.png
westbridgford.surelok-locksmiths.co.uk,Surelok Locksmiths West Bridgford,West Bridgford,Surelok_Locksmiths_West_Bridgford_Logo.png
abingdon-on-thames.suresec-locksmiths.co.uk,Suresec Locksmiths Abingdon-on-Thames,Abingdon-on-Thames,Suresec_Locksmiths_Abingdon-on-Thames_Logo.png
aldershot.suresec-locksmiths.co.uk,Suresec Locksmiths Aldershot,Aldershot,Suresec_Locksmiths_Aldershot.png
chesham.suresec-locksmiths.co.uk,Suresec Locksmiths Chesham,Chesham,Suresec_Locksmiths_Chesham_Logo.png
daventry.suresec-locksmiths.co.uk,Suresec Locksmiths Daventry,Daventry,Suresec_Locksmiths_Daventry_Logo.png
skegness.suresec-locksmiths.co.uk,Suresec Locksmiths Skegness,Skegness,Suresec_Locksmiths_Skegness_Logo.png
atherton.toplock-locksmiths.co.uk,Toplok Locksmiths Atherton,Atherton,Toplok_Locksmiths_Atherton_Logo.png
blyth.toplock-locksmiths.co.uk,Toplok Locksmiths Blyth,Blyth,Toplok_Locksmiths_Blyth_Logo.png
caversham.toplock-locksmiths.co.uk,Toplok Locksmiths Caversham,Caversham,Toplok_Locksmiths_Caversham_Logo.png
farnham.toplock-locksmiths.co.uk,Toplok Locksmiths Farnham,Farnham,Toplok_Locksmiths_Farnham_Logo.png
leamingtonspa.toplock-locksmiths.co.uk,Toplok Locksmiths Leamington Spa,Royal Leamington Spa,Toplok_Locksmiths_Leamington_Spa.png
shoreham-by-sea.toplock-locksmiths.co.uk,Toplok Locksmiths Shoreham-by-Sea,Shoreham-by-Sea,Toplok_Locksmiths_Shoreham-by-Sea_Logo.png
borehamwood.trulock-locksmiths.co.uk,Trulock Locksmiths Borehamwood,Borehamwood,Trulock_Locksmiths_Borehamwood.png
brighouse.trulock-locksmiths.co.uk,Trulock Locksmiths Brighouse,Brighouse,Trulock_Locksmiths_Brighouse_Logo.png
ormskirk.trulock-locksmiths.co.uk,Trulock Locksmiths Ormskirk,Ormskirk,Trulock_Locksmiths_Ormskirk_Logo.png
rawtenstall.trulock-locksmiths.co.uk,Trulock Locksmiths Rawtenstall,Rawtenstall,Trulock_Locksmiths_Rawtenstall_Logo.png
strattonstmargaret.trulock-locksmiths.co.uk,Trulock Locksmiths Stratton St Margaret,Stratton St Margaret,Trulock_Locksmiths_Stratton_St_Margaret_Logo.png
bridlington.boltfix-locksmiths.co.uk,Boltfix Locksmiths Bridlington,Bridlington,Boltfix_Locksmiths_Bridlington_Logo.png
coseley.boltfix-locksmiths.co.uk,Boltfix Locksmiths Coseley,Coseley,Boltfix_Locksmiths_Coseley_Logo.png
darlaston.boltfix-locksmiths.co.uk,Boltfix Locksmiths Darlaston,Darlaston,Boltfix_Locksmiths_Darlaston_Logo.png
grays.boltfix-locksmiths.co.uk,Boltfix Locksmiths Grays,Grays,Boltfix_Locksmiths_Grays.png
jarrow.boltfix-locksmiths.co.uk,Boltfix Locksmiths Jarrow,Jarrow,Boltfix_Locksmiths_Jarrow_Logo.png
bexhill-on-sea.boltlok-locksmiths.co.uk,Boltlok Locksmiths Bexhill-on-Sea,Bexhill-on-Sea,Boltlok_Locksmiths_Bexhill-on-Sea.png
bradleystoke.boltlok-locksmiths.co.uk,Boltlok Locksmiths Bradley Stoke,Bradley Stoke,Boltlok_Locksmiths_Bradley_Stoke_Logo.png
shipley.boltlok-locksmiths.co.uk,Boltlok Locksmiths Shipley,Shipley,Boltlok_Locksmiths_Shipley_Logo.png
stowmarket.boltlok-locksmiths.co.uk,Boltlok Locksmiths Stowmarket,Stowmarket,Boltlok_Locksmiths_Stowmarket_Logo.png
batley.boltman-locksmiths.co.uk,Boltman Locksmiths Batley,Batley,Boltman_Locksmiths_Batley.png
newport.boltman-locksmiths.co.uk,Boltman Locksmiths Newport,Newport,Boltman_Locksmiths_Newport_Logo.png
pudsey.boltman-locksmiths.co.uk,Boltman Locksmiths Pudsey,Pudsey,Boltman_Locksmiths_Pudsey_Logo.png
seaham.boltman-locksmiths.co.uk,Boltman Locksmiths Seaham,Seaham,Boltman_Locksmiths_Seaham_Logo.png
stanford-le-hope.boltman-locksmiths.co.uk,Boltman Locksmiths Stanford-le-Hope,Stanford-le-Hope,Boltman_Locksmiths_Stanford-le-Hope_Logo.png
bromsgrove.boltpro-locksmiths.co.uk,Boltpro Locksmiths Bromsgrove,Bromsgrove,Boltpro_Locksmiths_Bromsgrove_Logo.png
hernebay.boltpro-locksmiths.co.uk,Boltpro Locksmiths Herne Bay,Herne Bay,Boltpro_Locksmiths_Herne_Bay_Logo.png
heswall.boltpro-locksmiths.co.uk,Boltpro Locksmiths Heswall,Heswall,Boltpro_Locksmiths_Heswall_Logo.png
sunbury-on-thames.boltpro-locksmiths.co.uk,Boltpro Locksmiths Sunbury-on-Thames,Sunbury-on-Thames,Boltpro_Locksmiths_Sunbury-on-Thames_Logo.png
trowbridge.boltpro-locksmiths.co.uk,Boltpro Locksmiths Trowbridge,Trowbridge,Boltpro_Locksmiths_Trowbridge.png
